time,user,rating,comment,votes
2021-09-03 21:28:41,尚大咖,1,这他妈是啥？除了灾难背景不同，其他都她妈流浪地球同样的设定，导演你拍的不尴尬吗？多说一句：没钱的网大就别搞特效为主的硬科幻了，尝试拍拍《彗星来的那一夜》《这个男人来自地球》这种单一场景靠剧本逻辑取胜的片子好不好！,103
2021-09-04 23:28:45,Evarnold,3,觉得豆瓣评分整体给低了，我完全理解给低分的一切理由：它从导演到编剧，从摄影到化妆，从动作到特效，从逻辑到最后勉强的“中国”，从一切猜得到的俗套到一切看得出的抄袭，都很雷人！但是，它有几点让我欣赏：一是故事比较完整和聚焦，二是有种不管不顾做大场面的勇气，尤其是开场全景拉到地球镜头！为了这两点，给个及格分！在我眼里，这片可以对标小日子过得不错的《进击的巨人》真人版。中国科幻电影需要允许这种失败的尝试！想想，没有《进击》，哪有《新哥斯拉》？,62
2021-09-03 23:02:39,陈师傅,1,特效，声音，制作再精美也抵不过故事的空洞和细节的缺失，带着这么大体量的制作，作出这种片子，良心真的不会痛吗？故事呢？情感呢？就不能停止这种虚空的灾难，奇观的外壳，好好的琢磨一下故事吗？,58
2021-09-05 21:06:39,苏乏,0,我明白，因为我也喜欢寂静之地,1
2021-09-05 00:11:42,su27根本就没有,1,尬穿地壳,39
2022-03-15 16:39:27,kakakarl,0,我为什么会看过这个……我不应该看过啊……,0
2021-09-05 13:50:49,sho*flying,5,其实已经不错了，最起码看到中国科幻的希望了,2
2021-09-04 17:23:11,寒狐传媒,2,树精直呼内行。,24
2021-09-03 22:45:53,大罗,2,哎，不行啊，这科幻的编剧真心不行啊：植物进化成了龙？还是瞎子龙？对付植物用枪？成片的植物居然只是个体智能，还是肉食者逻辑？还是回去稍微读一点儿现有的植物智能的资料吧,44
2021-09-03 20:41:00,云上观月,2,为什么非要设计一个儿童累赘，丝毫看不出家庭温情,70
2021-09-14 16:29:22,kingkongofkhan,2,设定基本就是流浪地球+三尖树时代，就连场景设计都参考了不少，甚至还有那种“人类消失后的地球”纪录片，当然作为一个网大来说质量自然算不了上成，依旧是显而易见的各种老毛病，不过勇气可嘉，这种资金水平敢把CG特效拉满跟搞大场面，而且故事完整性和叙事流畅度还是有的，作为国产科幻题材（尤其是偏向商业大片的做法）来说，值得鼓励。,6
2021-09-05 22:13:10,WIKI魏,2,植物长出神经有了意识这个设定其实还不错，特效也说得过去，但这本子实在是太低龄和弱鸡了。对比前阵子很相似的《爱与怪物》，当虫子变巨兽，男主升级打怪，遭遇青蛙、黄蜂、螳螂、蜗牛、蜈蚣、螃蟹，甚至还自己弄了怪物图鉴Vlog和绘本，边看边期盼更多的小怪物。最近的鬼吹灯《云南虫谷》也是，期待每个不一样的小怪物也是看片的动力。对比这个，就藤蔓系瞎子巨蟒，怪物向来说，实在太单薄了。,13
2021-09-04 14:15:20,大雪龙骑,1,果然不该对这种电影抱有希望，不能说烂，只能说超级烂，最烂的居然不是特效也不是演技，是导演和剧本。中国电影需要的是认真做电影的导演和用心写故事的编剧。,37
2021-09-15 19:18:52,喜悦之地,2,看了很多网大，已经炼就了自动忽略三毛特效的技能，只专注于人物和剧情，看主创是否用心。前面其实还好，本来想打三星的，但最后模仿《流浪地球》来了场全球大广播太尴尬了,8
2021-09-04 00:59:52,天问,1,别浪费时间！孩子他爸麦克风的演讲词，如果那是演讲词的话，可以让人把编剧从屏幕中拉出来打一顿！或者顺着网线去灭了他！,43
2022-05-13 22:11:13,Fal Conde,1,自始至终都带有一种2000年代盗版游戏光碟的审美和画面质感,2
2021-09-25 12:17:29,обломов,2,场景做的好，顶不上非要搞两个怪兽出来的导演…内特沙玛兰的形式可以抄，内核没抄到,5
2021-09-10 04:25:58,深秋小屋dongdong,2,比我想象的要好一些，至少情节一直把控得很紧凑，虽然很多地方逻辑bug百出，一切的认真都用力到反而有点幼稚，但是这部电影的灾难特效，末日场景比预期的好很多。何晟铭在9年前经纪人曾要求我专访过他，那时候他还是个不温不火的歌手，第一次看他演戏，还是主演，怎么说呢，还是形象不够hold得住这个拯救世界的气质吧。最后，无论是《流浪地球》还是这部《重启地球》为何都是爸爸拯救地球？真是中国特色下的普且信啊。,2
2021-09-07 00:33:26,鱼丸粗面,1,就这也能叫科幻,12
2021-09-06 16:37:52,林木郎,1,好无语的网大，灾难版爸爸去哪儿！各种模仿抄袭！像巨蟒一样还会叫的植物也是真牛逼！网大常驻的那个小女孩儿不是一般吵啊，全程扯着嗓子大叫：爸爸…爸爸……,8
2021-09-05 23:36:52,云图,1,哈哈哈~这是个喜剧片！《宫》之后，杨幂和冯绍峰都火了，为啥何晟铭就这么惨呢？,13
2021-09-09 21:07:11,梁臻頤,1,开场10分钟就看到各类欧美灾难片的影子，并且是东施效颦，抄的很差的那种。能坚持看完我也是神奇。就是那种看了5分钟就能看到结局的类型。,1
2021-09-06 14:13:53,北疆的胡杨,3,期待网大越来越好,5
2023-02-22 21:01:54,Mura,2,再一次感谢吐壕,1
2021-09-04 16:53:14,巴厘岛樱桃树,1,片名整的够大，特效整的挺精良，故事稀烂抄的明显又敷衍，无非是把怪兽换成植物，拍脑子出个本子靠特效砸呗,12
2021-12-11 18:09:59,Sunshine,3,也是一部类流浪地球的低成本网大科幻片。大蛇和大雪怪应该也是这家公司出品的，片中有很多地方有软广告。用有限的成本营造的场景和气氛，还是说得过去的。反正当做B级片来看还是有点意思，女主也终于不露胸了。于荣光居然在末日救援和本片中都出任指挥官的角色。看来最近没钱花了。影片中有多处舍身救人的场景，但是气氛营造差点意思，让人感动不起来。,1
2022-02-17 21:07:43,发呆中,2,槽点不少，但是没烂得离谱,0
2021-09-07 01:11:46,🦋PPLim,2,设定就是和流浪地球太像了，珠玉在前，这部片子就槽点多多了。这个小女孩吧，没有存在的必要吧？为什么要设定着一个小女孩呢？为了让小队的人牺牲吗？不懂...还有男主，也没什么大用啊，最后还要强行升华一波。我就无语😓,5
2021-09-03 20:43:24,青鱼,3,剧情确实不咋滴，太套路了，小女孩就会叫。为了让男主加入队伍，工程师死了，为了让男主当队长，队长死了，这还不够，还要让男主来一波嘴炮拯救世界……闹着玩呢？演讲即正义？剧情的话，最多五分，但其实还可以了，虽然烂，但是让我觉得其实还是值得院线的，虽然可能是院线烂片，但比一般的网大还是好一点的。这么硬的科幻，不比上海堡垒啥的强多了？再多几个明星，感觉完全够上院线的。那句要是你爸爸死了，我当你爸爸，给我笑死了，人爸爸在边上站着呢，你这么想让人家死，结果……自己死了吧？哈哈。本来想按院线标准给两星的，但是按网大标准，外加国产少有的这么硬的科幻，给个三星鼓励一下吧。就虽然烂，但也没那么烂，还是可以看看的。,32
2021-09-04 11:03:48,舜耕山下,1,为了观众的心理健康、为了社会和谐，这种垃圾片子少拍点吧！演员像僵尸一样念台词，那个男胖子做作的是让人胃里一个劲的往外反。C！,15
2021-09-05 23:51:54,子不语,2,小演员演技有待提高，这么小就不要修眉了，当然其他人的演技也没强到哪去。前半段，一直“爸爸”的叫的有点烦哦。特效略差，所以希望在特效水平略差的情况下可以走剧情类科幻。胖子随时吃生鸡蛋，什么鬼。原以为拿刀的小姐姐会很出彩，结果一般。突破大气层的植物把地球绕成了毛线团子，有点震撼。,6
2023-03-05 19:13:43,和平小智,2,特效还是有的，至于剧情吗，根本无所谓,0
2021-09-03 22:01:27,myself2016,3,明显有模仿《流浪地球》的痕迹，不过比《上海堡垒》强多了,11
2021-12-30 21:08:53,flameheart,1,一星都不想给的,0
2021-09-05 12:46:53,宋小卡,3,是中国科幻电影的一小步，网络电影的一大步,2
2021-09-06 23:10:20,胧月夜,2,演了个寂寞，还用上吴京《流浪地球》的烂梗,3
2021-09-04 18:16:03,浅蓝 丶,2,地球灾难，科学研究，植物崛起，侵害人类，各国政府分别派小队投放炸药消灭植物，无奈植物已经进化形成坚实壁垒，所有人都放弃了，男主因为女儿而激励，想到用火山冲破植物壁垒，各国小组绝望中燃气希望纷纷坚持执行任务。最后男主获得成功。,0
2021-09-05 01:00:32,秦颂,1,个人感觉灵感来源于罗隆翔十几年前的科幻小说《寄生魔兽》，再结合了《流浪地球》的设定。,3
2022-05-02 11:23:51,EvilGoblin,1,“闺女，等你爸si了，你就跟我吧。”,0
2021-09-08 20:17:30,杨小希,2,能不能别为了剧情进展专门弄个讨人厌的小孩,4
2021-09-07 21:43:36,熊小叔叔叔,2,No.2298 跟《流浪地球》的感觉太像了，特别是最后的部分，“致敬”的意味浓烈。队友间的情谊没有感动我，铺垫的太少了，代入不进去。打动我的还是父女间的羁绊，因为自己感同身受，太容易被感动。不过这个剧情也是胡扯了，漏洞太多。要说植物过度生长养分不足要以人为养料，那人要是都离开了地球一段时间再回来，植物是不是自己死掉了？那时候的土壤还有养分吗？,1
2021-09-16 14:32:20,Dark Story,2,作为中国科幻的尝试，应该说能够积累一定的经验吧。但作为电影本身，甚至不能用乏善可陈来形容。故事和剧中环境设定太多自相矛盾的地方，更不要说演员的表演了。生拼硬凑！,0
2021-09-04 01:34:46,瞎看瞎看看吧,1,这种电影还是少一点吧，⭕️钱的心思写满了每一幅画面。,10
2021-09-05 17:37:33,淡定,3,看热闹足矣！,0
2021-09-03 22:32:28,whitney,2,两星给特效 剧情不行,2
2021-09-03 19:26:03,R.C,1,我笑了 还发现这电影词条消失了几分钟,2
2021-11-02 23:57:33,张大爷,1,什么辣鸡玩意儿，看得我整个人都反胃了，这傻逼导演是故意拍出来恶心中国人的吧。,1
2021-09-04 11:57:11,道道看电影,3,特效电影级,3
2021-12-26 17:59:58,Grigia,0,到底是为什么能破千万的,0
2022-01-01 15:41:10,啦啦啦啦,1,抄袭也可以?,0
2021-09-04 04:02:19,特伦,1,就不能把剧本基本逻辑捋顺了再往里投资源么？装都不装一下？,12
2021-09-12 22:23:00,我不是江湖骗子,1,比流浪地球差了十万八千个上海堡垒,1
2021-09-03 23:21:13,dnafisher,4,就凭这个概念就要四星，不输流浪地球，还有最后的生还者，的影子,5
2021-09-05 18:15:08,YLS,3,就…中国继续努力吧,0
2021-09-04 02:55:46,妖精的妄想,1,花那么大力气推的一部网大，抄也抄的体面些嘛，现在这样吃相太难看了,3
2021-09-28 14:53:56,电影上言君,3,虽然褒贬不一，个人觉得是好看的，何晟铭演技不错，小女孩确实只会喊爸爸，其他演员中规中矩。电影构思还是很好的啊，植物霸占了地球，有科幻思维，网友的嘴太毒了，国产科幻片的进步已经不错了。,0
2021-09-03 22:15:07,艾殇,1,除了场景不错，剧情差，演员差，浪费时间。,5
2021-09-08 23:30:25,哈雷,2,看了半小时 要不是手里拿着鸭头没法操作 早就不看了 为啥角色都招人烦呢 尤其小女孩叫爸爸的时候 鸭头又一次不香了,2
2021-09-13 11:20:50,桑桑,2,智商被羞辱了,0
2021-09-19 16:38:22,ZL,2,少看哪一段都不是问题，不看更节约时间。大部分照搬流浪地球，却只搬了表面，内里无法产生一丝共鸣。如评论说的，人物很单薄完全立不起来，说人的故事却看不见人，那样电影能不难看？特效还可以，不至于十分的出戏，对比影片其它部分已算是加分项了，如镜头的运用真是相当普通，故事也十分流水账、平铺直叙的。浪费了演员~~,1
2021-11-06 19:34:51,Don🌏,1,几分钟劝退,1
2021-09-04 11:01:08,胡天柒月,2,朋友圈网络电影从业者一众转发，结果……,0
2021-09-03 22:02:40,花生騷,2,整个剧本明显抄了《流浪地球》的设计，一样是全球拯救行动，一样是饱和式救援，一样的队伍人员设置，一样的一个个牺牲自我成全团队。而且整个植物monster设计感觉太low了……还有很多逻辑说不通的东西存在…算了，算了。,10
2022-06-12 11:27:14,浮影人生,3,刻意煽情剧情太多，植物有了神经，但是怕太阳，这个设定略有矛盾，其他还行,0
2021-09-19 19:56:10,随风的方向,1,类似盖亚主题的国内虽然少，但你好意思这么抄？抄完世界之战抄速激，最后抄到流浪地球,2
2021-09-16 21:35:58,狼魄乾坤,0,我想，这大概是因为禁用百草枯导致绿植无限蔓延。另外，再次打破老美在拯救世界这件事的统治地位，这次由中国去击穿地表。,0
2021-10-20 17:28:00,抹茶不抹茶吖,1,好烂啊这部电影看得我头晕,0
2021-09-04 21:13:51,林克,3,小成本的网络电影虽然很小成本，但故事脉络还是很清楚的～有因有果有思考，还是给国产一些鼓励吧。,2
2021-11-04 20:23:44,msazhou,1,难看,0
2021-09-24 23:15:11,叼卷烟的喵大人,2,我猜我是智障了才看,0
2021-10-04 13:10:29,小石头,1,知道百分百会烂，还是冲着题材看了下,0
2021-09-12 00:06:05,JIE,1,实在是故事情节也没有，一个劲的讲牺牲，一个劲的煽情，我真是....,0
2021-09-03 23:56:17,做到了才最开心,1,强调情感色彩太重了，要是先凸显灾难时人性的自私自利黑暗现实面浓郁些，再放点温暖情感在里面就会显得难能可贵。这灾难片有些本末倒置了。,4
2021-09-03 23:36:57,某茶君,2,烂是挺烂的，但问题并不在于表面的“缝合怪”，而是结构性的。网络电影的制作思路类似黄金年代的港片，要的是非逻辑性的”影像浪漫“，用这种思路去”科学的幻想“，太容易烂了。（强如当年的港片，也没有科幻题材的名作）,4
2021-09-15 02:24:50,小雪初晴,2,全片给我一种很假的感觉……看过日本有部漫画就有植物变异的情节，不大行，城市植物袭击那场就省钱了一下就没了，不够钱干脆就别拍这种大场景的科幻，编剧等等各方面都不行，快进看的哈哈。,1
2021-09-07 10:59:25,D伯爵,1,低配版流浪地球，没意思,0
2021-09-11 00:14:20,追剧小迷妹,1,挺搞笑的，逻辑乱七八糟，不合理的很，对象，还有老鬼都死的不应该，男主啰嗦至极我真的尽力在看了，可是我实在是控制不住自己吐槽，直接放三倍结束,2
2021-12-11 21:55:25,装苕,3,总的设定上有缺陷，在生态链中间，如果处于底层的植物成了顶级掠食者，那么谁在底层呢？作品情节、人物设定像日漫的改编。,0
2021-09-16 22:25:55,聚羽成翼,1,LOWB,1
2021-09-04 20:23:35,卤化银AgX,3,网络电影内卷太严重了，完全照着《流浪地球》扒，完成度其实还算不错。,0
2021-09-05 23:36:54,一只路过的肥猫,2,至少是部电影了，虽然都是老梗,0
2021-12-27 20:21:49,momo,3,场景搭建还是可以的，鼓励多加一星吧,0
2022-01-01 03:27:10,印月无痕,1,设定看着像灵珑，但是剧情特效演技，没一个看得过去的,0
2021-09-04 10:16:20,管埋员,2,特效进步多了。,2
2021-10-01 04:03:37,143.,2,、啊哦。。,0
2021-12-18 23:38:55,Wonder,1,哈哈哈哈,0
2021-11-17 18:26:52,虫蠹,1,逻辑不能让人信服，这就是个bug片,1
2021-09-03 22:02:12,咖啡来了,1,无语了 有点像西西弗思的韩剧,3
2021-09-08 09:22:41,乐儿,1,《流浪地球》开启了国产科幻片的大门，随之而来的必是良莠不齐的复制粘贴。本片的故事情节脑残到无法言传，各种BUG随处可见，廉价的感动拼命塞，于光荣出现在本片中的被套路化表演，非常让人失望，反正不要浪费时间来看就对了。,2
2021-09-04 13:43:15,TingT,2,特效画面都不错，剧情是硬伤，主角光环太强了，而且选角很失败，男主太恶心了，出场就感觉歇斯底里的，忍不住让人想抽他。女主，小女孩，于荣光，叶旋什么也不行，很别扭分分钟让人出戏，反倒是配角都还可以，我想问问这些人都是带资进组的吗？总结下，导演水平真心不行。另外我想问问，平民小孩都知道用紫外线光来对付植物，为什么作战小队要用步枪呢？那玩意有用吗？,2
2021-09-05 12:25:38,三金回来呀,2,本来想给三星但还是给两星，因为后边看到了抄袭《流浪地球》的痕迹。最近看了几部烂片，不过也想排一下。《太空群落》＞《重启地球》＞《火星异变》。,1
2021-09-20 17:03:48,社恐青年,2,网大还有很大进步空间,0
2021-09-05 21:34:25,亲爱的小baby,2,4：看点别的,0
2022-11-02 22:34:04,醒醒🌟,2,强行想给2星，但是良心太难受了。最水的网文也就是这个进度。就不能好好讲故事吗？什么都想要，拼在一起，什么都不是。小时候语文老师教过我们，要详略得当,0
2021-10-31 17:14:06,Raphael C,4,4星以资鼓励！咱们灾难科幻片拍得少没经验，就算是照抄外国的也不一定能及格！此片算是认真的了，多点鼓励，少点挑剔吧！小女孩不是多余的角色，是男主转变的重要推动人物！亲情是中国人永远不变的歌颂主题，为科幻片带来更多人情味！片尾曲也可以！,0
2021-09-05 21:14:26,瓦房野木马,2,其实创意很不错。很快开始神展开，各种细节不合理，放弃吐槽。台词很无趣，光‘爸爸’就得喊了不下一百遍…,1
2021-09-12 19:25:13,Vania,1,能感觉到试图往流浪地球上面靠，但是队员的无意义牺牲，想让你感动又感动不起来的全球广播，总是没电然后男主角摸一下就有电，看起来好像需要很专业才能安放C4，其实随便都可以炸的设定，让剧情和表演实在是浮于表面，人物也没有什么能记住的点，小女孩更是累赘，而且突然高光想拯救世界的性格转变也是非常唐突。,2
2022-01-20 20:38:28,艾未,3,总体观感还可以，这两年网大进步真的挺大，世界观搭建还不错，可是总体故事架构和主要情节点，赤裸裸地抄袭《流浪地球》，这，真的无语了！,0
2021-09-04 21:09:24,是歪歪歪啦,1,笑死我了,1
2021-11-17 22:53:19,conwei,2,抄流浪地球也抄得太明显了。。。,0
2021-09-08 02:21:44,蓝宁的世界,2,浪费时间。,0
2021-09-03 16:21:42,亦云亦飞,1,什么狗屁！又是剧情片又是科幻片，明明是吸毒后遗症犯了！,2
2021-09-06 11:08:52,还有,1,浪费时间,0
2023-02-22 21:26:03,饭团,3,明……明日战记？？？？说实话这片也不至于烂到3.7分吧。,0
2021-09-20 21:44:21,笨熊,3,整体完成度做的不错，特效也还行，就是整体有点太模仿流浪地球了，基本指挥部和救援队伍整体就是照抄流浪地球来的，连投放站都模仿行星发动机了。剧本还得偏弱，很多地方不能细推敲。另外那个公交车是真厉害啊，啥牌子的啊，一顿乱摔完全不变形，也是奇迹。,0
2021-09-05 18:29:16,薛定谔的玫瑰,2,题材不错，可惜了剧情。最近烂片看得多，总结了一下，烂片之所以烂，很大原因是剧情太假，是的，太假，不符合常理。有人说这个有学习流浪地球，嗯，最后是有点。,0
2021-10-18 21:25:43,发现世界,1,ᐈ真5毛特效ᐈ前面都是小女孩在喊爸爸，声音刺耳，真是吵死了ᐈ如果你那时候救的是妈妈，会不会更好ᐈ全球绿潮风暴，植物有生命了，会将动物和人类当养料ᐈ爸爸，我要去拯救世界了，你再不跟上来，就要掉队了ᐈ胖子系不上安全带笑死了,0
2021-09-12 18:00:16,咖啡加奶不加糖,2,……,0
2021-09-06 18:40:22,紫式部,2,如果再好好打磨一下剧情真的就好了真的,0
2021-09-05 22:10:02,精神内耗患者,1,我为啥要打开这个电影。。。,3
2021-09-13 12:38:44,县里已经决定了,3,听布玛解说完的，看到了科幻片中很多熟悉的桥段，也看到了剧组的创新，继续努力吧~,0
2021-09-04 15:31:10,小刀大神,3,国内网大目前还是撑不起太大的盘子。背景铺设的再大，置景再好也弥补不了表演和剧本逻辑的硬伤。,0
2021-09-09 19:10:30,老兔子不乖,2,抱歉，实在看不下去了。冲导演敢拍这种大题材，就多给一颗星吧，我尽力了……,0
2021-09-06 21:37:07,陆林好汉,2,赤裸裸的抄袭流浪地球，连剧情都不带改的。,0
2021-09-07 00:52:13,纬二街老大爷,4,个人还比认可这部电影，没想到评分如此之低。这部电影完成度比较好，服化道多数情况下都很用心，特效也基本够用，最大的问题就是中间有段直接变成怪兽片，这里绝对差评。后半程情节合理，完成度更高。有人说，这是复制《流浪地球》，对，名字都是半复制：《重启地球》。其实许多灾难电影情节还不是基本一样的套路，研究了什么，泄露了，最后英雄出现拯救人类，只是从《流浪地球》开始，拯救人类成了人类协作，而这部电影继承了这一更高级的价值观而已。所以，并不认为这是太大问题，尤其是对于网络电影这种资金匮乏的电影来说，能有这样的完成度已经很好了。当然，这部电影最大的问题除了中间怪兽片那一段，其他就是个别细节做得粗糙敷衍。,1
2021-09-04 11:54:14,TIM,2,流浪地球寂静之地😑,0
2021-09-14 23:31:28,羁绊,2,一开始听人说抄流浪地球还在想哪里抄了，结果到了一小时之后，好家伙，好家伙…啊~前面也有一部分,0
2021-09-04 11:31:13,噬元兽,4,叶酱油+1星第900部科幻,1
2021-09-04 00:29:08,江海寄余生,2,bug很多，而且剧情套路和逻辑和《流浪地球》一样……，可惜了这个植物灾变的设定,1
2022-08-09 12:59:43,向阳同学,2,跟小白一起看,0
2021-09-03 18:39:19,四喜,3,绿藤=绿藤。弹幕挺逗的，推荐,2
2022-07-08 18:40:42,摇摇晃摇,1,嗯嗯嗯,0
2022-02-02 01:10:10,说三就三,2,单说电影，原本想给三星，但是流浪地球痕迹过重，给两星吧，题材很新颖，剧情脑瘫，但是可以看出演员很想演好，尤其是小女孩。,0
2023-02-24 22:30:49,苍穹与海,3,其实电影特效和演员的演技不算拉胯，超过绝大多数网大了，但是编剧要背很大的锅，什么狗屁缝合剧情，毫无逻辑。本来想给两星，但同一时间看了两部网大，相比较来说居然觉得这部电影强太多了，果然烂片相比较还是有更烂的存在才显得这部网大还算可以。,0
2021-09-05 14:01:40,愚人,2,明明已经预知了危险为什么还要看着不跑？明明到最后都要英勇就义为什么最一开始加入时那么不情愿，还要熊孩子点醒。,0
2021-09-11 23:35:08,请叫我学霸君,1,又看了一遍流浪地球，服了,0
2022-02-18 02:15:13,燃烧之霜,2,以植物为末日题材的概念和设定挺不错，前面看着还像模像样的。结果没看多久就发现是换皮版的《流浪地球》，简直是复刻的一样。瞎搞白白浪费了一个好题材！,0
2021-09-27 21:23:18,漠西,3,支持下国产，总算有优点，特效至少做得还不错，虽然说抄袭流浪地球痕迹过于明显，但也很显然预算这块有点问题，在这种环境下已经是最好选择了，植物覆盖的画面做的不错，公交车那太假了。,0
2021-09-04 22:17:18,壹川秋雨,2,小女孩太能叫了，其他不想评价最多两星，其中一星给音效！,0
2021-09-11 00:22:38,绽放loli,2,内在逻辑不通，浮于表面,0
2021-09-04 00:16:23,ParadiseKiss,1,好无聊啊……还以为网大能重启一下,1
2021-09-03 22:55:06,就这样怎么着,3,小女孩真的是开启了克人模式，一次死一个，全程台词喊爸爸喊的我头疼😩三星就是给特效的，不知道为啥总感觉小女孩和李默的表情有点过猛了,5
2022-03-03 20:13:13,神。 奇😡,2,好烂g,0
2021-09-18 19:11:26,此君不太冷,1,浪费时间。,0
2021-09-13 22:50:43,ZYD,4,网大 做成这样已经非常棒了,0
2022-09-07 12:00:58,爱看电影的四金,1,大杂烩一会抄《寂静之地》一会抄《流浪地球》,0
2021-09-09 21:58:27,Valk,1,人物没一个讨喜的，剧情就是复制黏贴了流浪地球，引用一个短评：尴尬的用脚趾扣穿了地壳,0
2021-10-02 20:07:38,彩虹糖果,1,流浪地球的剩余设备再拍了一部,0
2021-09-03 17:29:57,绞尽奶汁,1,演员太差，外国那个重返地球好歹是影帝级别的，这个女孩没演技啊,5
2021-09-09 22:57:12,三宝,1,刘慈欣好不容易把中国科幻带到一个全新的高度又让这帮人给拽回来了。,0
2021-10-21 20:18:22,Eors,1,小女孩从头吵到尾，只会喊爸爸爸爸爸爸爸爸,0
2021-11-04 00:49:57,楚门,1,看的挺快的一部片，大概十来分钟就快进完了。,0
2022-11-14 14:21:22,西门大官人,1,死孩子烦死人了,0
2021-09-12 18:22:35,klosepc,1,逻辑混乱，玷污了我的智商,0
2021-09-04 20:52:48,惜_朝,1,垃圾到了。。。,1
2021-09-14 18:54:59,Kane,3,和流浪地球有点像，这种片子看到第二部就审美疲劳了，拍的算是用心，可最终效果确不佳，诸多不合理,0
2021-09-29 13:10:48,태양,1,xx地球都是烂片,0
2021-09-01 12:40:03,野生查明,2,不好意思给相信国产的掉链子了。看了剪辑版，四不像，强烈的反胃。,3
2021-09-23 20:53:45,Clohe,1,前十几分钟babababab喊的我脑壳都疼了,0
2021-11-03 13:08:51,卖掉内裤去上网,1,一分我都嫌多,0
2021-09-03 23:16:29,*ST多巴胺沉,2,拍科幻片的勇气是值得鼓励的，但是希望你们再用点心。,0
2023-03-05 07:26:16,朋克金,1,屎 @2021-09-04 13:17:38,0
2021-09-09 23:29:38,一颗金果子,1,一百个无语,0
2021-09-21 02:14:15,魏大仙,2,大型计划生育宣传片  看完后完全不想养这样的熊孩子,1
2021-09-04 13:31:54,米一粒,2,有些电影看名字和题材就知道不行,0
2021-09-17 17:19:21,冲上云霄,1,模仿痕迹太重，缺少独立思考的内容,0
2021-11-30 20:05:06,Jack,1,其实题材不错，很新颖，平时一提到大灾变那就是生化危机这种，但是这里却是植物，一星给这里。剩下的无力吐槽了……,0
2021-11-28 17:31:59,时光机,1,何晟铭主演，叶璇参演的网大，依然很糟糕😰！植物都成精了，无语😓,0
2022-08-04 23:59:03,豆友209781644,1,没啥看的，实在没有意思,0
2021-10-11 22:43:45,LIKE FILM,1,预告片一股流浪地球的味道,0
2021-09-06 14:51:50,爱吃豆腐的兔子,1,流浪地球的叙事结构，场景也还不错，虽然动画稍微差点儿劲，但也算凑合。最大的败笔，父亲的演讲。说明科学在一切煽情和口号面前，都是狗屎……太烂了，太烂了。就像现在编剧给联合国打个电话，说作为一名普通的中国父亲，希望世界和平，你们在努力努力，不要放弃啊。然后全世界的领导人都热泪盈眶，激情的说：好～,2
2021-09-12 18:20:25,Kanon,1,估计都是计算机特效，唯一有趣的点可能就是“植物灾难”了，往常的鬼怪精灵变成了大树精。,0
2021-09-04 23:55:48,athanzhang,1,这都2021了，还搞这么5毛的特效，怎么看,1
2021-09-09 20:37:19,小小岛,2,看看就好。中国人开始拯救世界了，Y(^o^)Y~哦耶✌,0
2021-09-03 23:16:16,BJ @ 夢遊,1,但凡智商有点在线也不至于这样漏洞百出,0
2022-03-15 21:14:02,飞风,2,特效还行。故事一般，网大级别有这种特效不错了,0
2021-09-23 21:21:21,凉风有信-姚,1,一言难尽,0
2021-09-10 07:07:37,烤鸡腿儿,1,垃圾,0
2021-09-07 13:02:38,第一统,1,浪费了九十分钟，这小孩笑死我了，能不那么假吗,0
2021-09-08 18:18:43,诺亚,3,虽然只有一星的水平，但是敢拍这种题材就是应该鼓励的，加油,1
2021-09-13 01:09:47,神侦探卡门,3,制作已经算精良了，但bug和槽点过多，可以在立项时能多请专家给点建议。整部剧的结构可以看到西方商业动作电影的框架，这也就显得过于套路和公式化了。,0
2021-09-07 10:21:19,望,1,你爸要是死了，你以后就跟我吧,0
2021-09-04 12:48:11,Tarecgosa,1,你妈个，b啥几把玩意儿，那小女孩是傻，逼吧？,4
2022-04-19 00:01:40,小时同学,1,不好看，(⊙o⊙)…,0
2022-10-11 20:00:38,只因云中雷,1,已阅,0
2023-01-17 14:50:16,papa,2,给中国科幻点鼓励,0
2021-09-27 19:13:43,一身锈,1,开头还可以啊，后边咋成这样了啊,0
2021-09-10 21:01:26,秋小米1993,1,这剧本也太无聊了一点,2
2021-09-04 18:01:54,enilsaniaruot,1,2.5,0
2021-09-14 23:20:06,安吉丽娜胖福,2,"没怎么看过网大，感觉这部还凑合吧。虽然有bug,但各方面都比较均衡。",0
2021-09-04 23:08:57,你家有脆脆鲨吗,3,反正这种灾难局开始都是得堵车，全程就听小女孩爸爸爸爸爸爸爸爸了…,2
2022-08-03 15:08:42,萨斯,3,剧情太差劲了，特效还凑合,0
2021-09-04 21:58:09,星期三,1,建国后植物也不能成精，谢谢！,1
2021-09-04 18:56:04,单季稻,5,如果明显低于正常分数 我会打五星 永远 豆瓣评委也这么随意了吗 评委都这样 哪来好电影,1
2021-09-09 03:34:59,momo,2,场景还行，不过大段的磨磨唧唧对话，比流浪地球差远了,0
2021-09-12 08:18:56,世堯,1,爛到不像話,0
2021-09-05 22:27:39,野猪桃,2,《寂静之地》与《流浪地球》的嵌合体，特效倒真是良心。那个啥，开篇我就有个小问题不知当讲不当讲……植物的话，火烧不行吗？用枪管用的？？非得整个小丫头卖亲情，越看越觉得，兄弟你真的还不如救你科学家媳妇儿呢，怎么都要牺牲小我成就大义，好歹拯救世界重启地球的重任，你媳妇帮的上大忙……至于植物化身为龙，还是瞎的，嗯编剧真有想法……网大在首屏推了2天，看得出钱确实花在刀刃上了。,0
2021-09-09 20:02:59,#惊蛰,1,怎么说呢。。。一星给片名,5
2021-09-17 12:16:53,吾将上下而求索,1,这不是科幻片，这是灾难片,1
2021-09-06 21:46:18,小捌零,2,在最危急的时刻，全世界竟然有时间有耐心听完废柴老爸语重心长的讲话，然后改变了拯救世界的计划，哈哈哈太特么逗比了，然后更逗比的是，我看完了全片。,0
2021-09-05 14:17:49,dolphinfu,2,故事真的太糟糕了，不过给小姑娘加一星，那个说要爸爸回来不要当英雄有点感动的。,0
2021-09-08 13:13:32,何必远方,2,决战迈古玛？,0
2021-09-04 14:53:35,otto,1,能赶上鹰酱上世纪八十年代b级片的水平…    但抄袭的实在尴尬，如果改改剧本，还能至少加一分。 小成本特效不容易 鼓励一下,0
2021-09-04 20:45:21,咕咕咕,1,过于弱智,1
2021-12-24 18:07:28,一梦星河,1,概念不错，本来有些期待的，但其他方面太拉胯了，可惜了！,0
2021-09-04 20:03:08,Your Ferry man,1,名字改成：喊爸爸！咋咋唬唬的，烦死了！,4
2021-09-18 19:57:15,没看过原著,2,科幻片领域，人家看我们，就如我们看三哥的电影一样。,1
2021-09-07 23:46:29,习澄南,1,呕,0
2021-09-04 15:48:18,[已注销],1,超低配流浪地球。每个角色都和玩似的，这是末日么？何况，类似的末日剧情已经有了太多太多，多到你不好说后来者是不是在抄袭...男主把苦大仇深演得像有什么精神疾病，拯救人类的正规军像混着土匪，女儿尤其令人崩溃，和他爸在一起的化学反应真是...无语=_=其实也有感人的地方，但是瑜不掩瑕了,0
2021-09-20 14:51:50,小何才露尖尖椒?,1,有没有半星可以打啊？到底拍了个啥啊,0
2021-09-05 19:53:46,糯糯米,1,特效假就算了，剧情粗糙的令人发指，女孩这个角色纯纯的拖累，演的还差。全球性灾难，男主还一个劲嚷着要照顾孩子，不跟队伍一起走，你要是能自己照顾好孩子，人家也不会为了救你们牺牲队友了。多次在紧要关头强行煽情，时间那么紧迫，还在那废话连篇，不仅没代入感，还让人十分出戏。整部电影就出现一种植物，还整得跟怪物一样。,0
2021-09-04 23:26:24,五星上酱,2,要不是看在算模仿流浪地球的基础上，基本上就是1星水平，漏洞百出，不符合逻辑，吐槽点太多，希望导演和编剧多学习下文化知识，不要那么无知冲动一个有食物有电力有通讯，甚至有烟抽有酒喝的受灾难的地球，合理吗？还有军人不像军人，执行任务还能喝酒，是在挑战军队纪律吗？美军都不会，更不要说你是中国军人了,0
2021-09-04 20:38:39,fitzcarraldo,2,低低低配版流浪地球,0
2021-11-24 17:30:24,天闲星,3,三星把，其实就二星，支持下国产把，流浪地球改版，特效可以虽然差流浪地球不是一个档次，整体剧情逻辑性不强，很多地方特意煽情，为了煽情而煽情，痕迹太明显了。,0
2021-09-16 19:34:41,天朝羽,1,想哪儿编哪儿~,0
2021-09-08 19:52:45,波桑,1,除了尿点啥都不是,0
2021-09-20 05:34:51,豆瓣成了酱,1,我为什么要看这玩意儿……,0
2021-09-03 17:20:01,编剧陶思维,3,不错不错！,2
2021-09-03 22:36:54,James Barbie,2,整体制作在网大体系里算是上乘的了。但剧本。。。能不能独创一个故事，别说剧情像《流浪地球》了，连里面的台词与逻辑重音都很像。,0
2021-09-16 20:27:06,烂物叔叔,2,一颗藤把叶璇拖过去当肥料了…我怎么联想起死亡之屋3了…队长抽起烟来，说：我去死了,0
2022-04-15 18:10:02,one dream,1,哈哈哈！这辆小巴真是绝了！方案交流那里真是无解！,0
2022-04-08 18:59:23,momo,1,真的太差了，什么绝世大烂片，最后什么还是一个人，合着之前死的都不是英雄呗，还有一直叫爸爸爸爸爸爸的，真的会被气死😡😡😡😡,0
2021-10-08 15:40:52,端木匪歌,1,整个故事就是嵌套《流浪地球》的模型，所有设计好想让人感动的点都因为那些肤浅的铺垫破功，看不到亲情爱情同事情却想尬着你共鸣，没有有血有肉的人物，全员工具人，一星给那条匍匐着寻找着前进着的树龙，啊，不对，是绿藤。,0
2021-09-04 18:49:30,李甫,1,地球的毁灭罪魁祸首就是科学家们，,2
2021-09-06 20:47:08,飘来飘去的石头,1,十分钟就看不下去了，啥玩意呀。,0
2021-09-06 08:10:56,顾骏,1,精致换装打扮下一个破烂核心。各种噪点设定。,0
2021-09-04 20:57:45,赫尔路因,1,被迫听了全程，麻了，抄流浪地球抄得就这。光听声音都能听出整个剧本就是他球关键字换头文，猴版。流浪地球开启了冲国科幻元年，你们又给关了回去😆,2
2021-09-04 08:39:56,幽篁不见天,1,真的烂。抄袭连台词都不变的。辣鸡剧情。毫无逻辑。还学习美国白左政治正确？？？中国导演编剧真的辣鸡，菜,3
2021-09-04 16:48:47,不足舞道也,4,如果植物有意识,1
2021-11-26 23:54:09,vincent,2,上映前的彩虹屁吹爆了。看完…什么玩意，这演技真是，把人都扣出来，特效还是不错的多给一星,0
2021-10-05 11:59:09,剪刀手,2,看之前预期到是中规中矩的烂片，没想到是超级烂片，放过我自己。,0
2021-09-13 23:17:16,臧小黑H,1,当我在抖音看到的时候，我评论这部电影绝对评分绝对超不过6分，看了之后才知道还是我年轻了，给两分都嫌多，植物版的《流浪地球》吗？抄不抄袭先不说，我求你不要侮辱中国军人好吧，中国就那几个人能当兵吗？,1
2021-10-02 15:07:58,PPPPark,1,能好好编个剧吗？浪费这么多群众演员。那个无人巴士上了车戴安全带自动驾驶逃命，我真是看呆了。世界观不扎实一直在尬演。,0
2021-09-14 19:33:49,taluoking,1,缝合怪,0
2021-09-06 10:31:17,H左手牵右手H,2,啥玩意。。。,0
2021-09-10 01:24:09,清玄朗度,1,我都不想说我看了这片，什么啊！,0
2021-09-19 22:11:34,星际尘埃,2,科幻的故事。过程难以言表！,0
2021-09-12 20:48:19,迷途小书童,2,故事逻辑没有说服力，后面又搞鸡汤那一套……,0
2021-09-05 01:55:03,Hie,1,也就这片名抄的值一星,1
2021-09-05 22:32:47,涛咪小公举,1,牛马精神，创意吓人,0
2021-09-13 02:49:26,璀璨的凋零,4,复制粘贴痕迹过重，女人带孩子就是政治正确，有人牺牲我反而心里毫无波动，但是给四星吧，还能够一看，特效还是可以的。,0
2021-09-05 12:27:39,托尼,1,2021.9.5,1
2021-09-04 14:26:00,NIT盼柳,4,倍速看了看，还行，因为有模仿流浪地球的明显痕迹，所以东施效颦总是叫人印象不佳的。,0
2021-09-04 09:53:35,呼噜呼噜毛,1,有丝丝无语，各种电影的杂糅,3
2021-09-03 20:23:36,青葙子,1,别抄了别抄了  流浪地球要素过多了,0
2021-12-14 19:00:20,小公主榨汁厂,1,真正的的彻底烂片啊！,0
2021-09-10 18:31:40,万中杰,2,这么好的剧情设想，愣是被导演拍成一坨屎，莫名其妙的演讲，和流浪地球的无限重合，逻辑性错误太多了，稳定剂刚打下去所有植物都死了？,0
2021-10-08 21:02:18,晓叶问天,2,特效，场景都很好，但是剧情真拉跨，小女孩完全是累赘，为了救她一个人，整个差点团灭。有路不走，偏偏走高空上快烂的塔吊臂。对付植物的方法很简单啊，百草枯倒个几万吨下去，还不把根给烂了？！直接拯救地球！用的着大冒险吗？,1
2021-09-05 01:11:46,牛角坑,1,烂呀,1
2021-09-04 13:55:46,纵向追风,1,给我整破防了,0
2021-09-06 20:59:25,一只鱼忘记坠落,1,有的电影看了前面两分钟就知道是铁烂片。要素过多，剧情设定照搬流浪地球，特效就是来搞笑的；科学家实验失败导致全球灾难；全球派出行动小队都失败了；中国小队队员接连牺牲，主角接盘；最后中国小队成功拯救世界；对了，还得来一波泪点，男主角为了拯救世界与女儿生离死别对哭一波,0
2021-09-05 12:28:01,小宇house?,1,……,1
2021-09-07 15:54:09,Aaron,3,十五分钟快进 科幻构思 剧情 演技 都有待提升 因为是中国科幻 所以一星评价变三星 希望中国科幻界继续加油,0
2021-11-04 11:23:59,川工菜鸟飞,2,5毛特效，说实话看睡着了！,0
2021-09-07 16:01:10,路西法,1,分数说明一切,0
2021-10-10 17:19:22,DirectorFT,1,辛苦了 下次别拍了,0
2021-09-21 08:40:52,echoninibaby,4,11岁的孩子看得津津有味,0
2021-09-04 21:26:31,五十一,2,浪费了一小时的生命。,0
2021-09-05 16:20:30,松哥,1,这种题材都能拍成烂片 一堆军人在办公室 看5人小队完成任务？呵呵,1
2021-09-05 00:07:09,樂樂樂樂樂,1,特效太差了，故事平凡，最可怕的就是男主演技，一直被他吓到,2
2023-02-23 19:33:03,Hiro,2,网大。,0
2021-09-09 15:03:42,菠萝派买一送一,1,看出来特效用心了，无奈剧本太烂。每个队员在影片里的功能是什么？那个胖子除了敲键盘展示了个什么东西以及吹牛之外，还有什么能耐么。本来想打两星鼓励，想想还是别了。一星给特效,0
2021-09-20 20:29:23,讨人厌的字,3,视觉可以，剧情有点扯，还是挺不错的，播放量挺高。,0
2021-09-11 20:20:43,永远漂移,1,1分给特效，其他尴尬的一匹,0
2021-09-03 20:43:32,降虫罗汉,4,野心很大，但是制作跟不上，一看就缺钱，还是鼓励下，毕竟这种题材的国产电影不多，拍的像样的更少,2
2021-09-04 22:24:56,孤影,1,题材挺好的，但是为什么还是熟悉的烂片味道？,0
2021-09-25 22:15:30,哏儿都儒生,2,真的没看下去，剧情太迷了，特效还行。,0
2021-09-04 22:03:03,az,3,想想上海堡垒，你还图啥……,0
2021-09-07 23:12:16,Hfx,0,纯渣地板砖,0
2021-11-21 01:14:50,暮雪朱衣叶雍容,2,如果是院线电影绝对是一星，但因为只是一部网大，就这特效给2星吧。中国电影还是要尝试一下不同题材。全程明摆着抄流浪地球，还表现的很拉跨，没有感染力说服力，加个小女孩没有觉得有家庭温馨感，反而觉得聒噪，一直在那喊。,1
2021-09-05 04:05:51,Nicky,2,前面抄流浪地球，后面抄世界大战。全员演技浮夸，唯一花了点心思的只剩马马虎虎的特效了。,0
2021-09-04 21:22:54,张葡萄,1,我是撒比,1
2021-09-05 13:59:53,王大胆儿,1,一惊一乍的表演，各种灾难片科幻片的老梗，再加上蹩脚的角色刻意的幽默，炖出了一锅喝一口难受一年的反胃稀粥。,1
2021-09-05 11:10:22,藏云,2,制作尚可，剧情稀烂，白瞎了,0
2021-09-09 16:39:18,A Head Full Of,1,叶璇真的没有被下降头吗,1
2021-09-08 20:26:47,傲剑孤尘,2,看了这部地球重启，你就明白地球流浪有多难能可贵了，好的带脑子和智商的剧本太难得了，这也就一网络小白文水准的剧本……,0
2022-01-09 16:18:23,今天,3,植物生长过来就食人，情节一般,0
2021-10-06 12:50:04,呆蛙,3,部分角色配音和部分flag片段比较出戏。前半部分末日环境制作和故事还不算难看，中间开始就越来越撑不住了。林珍钊导演是以前搞网络短片的，最早看的一个片子是十几年前的枪战短片重返荣耀，画面色调风格都很有这个片子的影子。后面全球广开始以为是搞大动员或者播放通知，结果说话前，居然在线聊天聊了好久，然后在前面其他行动小队从没有给过镜头，这时候出现就挺突然的，如果在前面介绍的时候给一个几秒钟全球各地小队出发行动的镜头会好得多。以及火山打蛋壳……都……挺突然提起的，前面多给几个火山的镜头早点介绍是建在火山上都会好得多。以及片子里的手雷，全用来自杀了。本片最大的教育意义是乘车要系好安全带。,0
2021-09-04 11:21:53,哈哈大哥,1,赤裸裸地抄袭《流浪地球》，一样的饱和式救援，一样的行动取消，一样的主角式演讲，这种不能起诉抄袭吗？,4
2021-09-08 19:12:59,SUMMERMAN,2,一星给特效，一星给题材，至于剧情，演技和节奏，实在不敢恭维。,0
2021-09-03 20:16:48,红鼻子海盗船长,1,...,2
2021-12-03 15:17:52,mosaicat,1,怎么不能打零星啊。,1
2021-09-10 23:44:44,去海边种玫瑰吗,1,毫无意义的片子。看剧情只能给一颗星，部分特效还可以。最高指挥部竟然会因为一个人的话而随意改变主意，几个没有必要牺牲的人莫名其妙就领盒饭了。,1
2021-09-11 09:25:20,z,2,我只要求重启电视。,0
2021-09-06 11:10:07,一如年少模样,3,不是很好看，也不是很难看,0
2021-09-04 16:15:10,moviewoman,3,还是很欣慰中国科幻电影这一支能继续走下去，三星算是鼓励吧，不过，希望以后的科幻片逻辑硬伤不要那么多，还有，情节紧张的片子，真不适宜加太多慢节奏的煽情情节,1
2021-09-20 12:13:03,lewischeng,3,除了小女孩讨厌 还行吧,0
2021-09-08 14:32:52,林💗小白🙈,1,我不该看的 真的以前我老公只要看到一部电影的时长不超过2小时必定定义为烂片 无关哪个国家 只是后来有些电影也组合成系列电影 所以如果有衍生到第二部第三部 那是长短一点 质量却一直没烂,0
2021-09-18 00:13:00,不耐五更寒,0,笑不活了，胖子边乱敲键盘边巴拉巴拉推剧情的时候，我意识到全剧认真在搞笑,0
2021-09-04 22:18:15,null,2,吵死了，熊孩子,0
2022-01-27 23:49:55,我的天,1,服了，这小孩设定……,0
2021-09-07 10:13:25,Tyche🌺,1,得 看这多多差评 看20分钟就不想看了 浪费时间还不如节约时间看乔家的儿女,0
2021-12-01 21:27:26,叽里咕噜,1,一星给五毛特效…,1
2021-09-05 15:18:00,下一个人是你?,1,就不能好好拍个电影唉😔,1
2021-09-03 18:58:03,慢热螃蟹,2,这简介，小学水平？？,2
2021-09-06 23:41:10,芊芊,2,题材不错，但拍的太烂了,0
2021-09-11 21:36:19,Liao.Xiaoyong,2,虽说再也没有衣着光鲜，发型纹丝不乱的流量明星了，虽说背景特效也还可以，但除了“植物有了意识”这个新鲜设定外，到处都在“借鉴”，尤其是影片后部分，彷佛是在观看植物版《流浪地球》。,1
2021-09-12 21:20:29,重铸的钢条,3,网大科幻，质量还算说得过去，应该给予鼓励，分这么低有点不太合适，中和一下吧,0
2021-09-08 13:09:27,不一定,1,四爷没戏可拍了吧,1
2021-09-03 18:38:57,毛茸茸,1,看不下去！真的！,2
2021-09-05 11:27:43,顾今河,2,两星给特效（当喜剧片看其实还不错 因为确实好笑）,1
2021-09-16 13:51:05,匣里,1,题材可以，但是特效和演员演技感觉有点拉垮,0
2021-09-08 23:45:11,就吃你妹,2,比上海堡垒强,0
2021-09-03 20:31:42,kkdy,1,一星鼓励下，编剧能力太差，中国科幻片加油！,0
2021-09-04 15:28:08,Yourtreasure05,3,还是有些想法的，设定已经是末日级别，地球被有意识的强大植物占据，人类要从夹缝中求生。地球人要赢，得把海底深处的根系网络炸掉，总觉得逻辑很有问题，而且还有很多设定都值得推敲，导演显然不拘小节，想靠特效征服观众，但是想了一个晚上都不明白，为什么植物变异之后要消灭人类，他们又不是猪笼草变的，明明只需要有土地空气和水就能活，可能他们比较喜欢安静吧？,1
2021-09-05 22:47:34,doublesuns,2,很多都经不起推敲。,0
2021-09-06 00:48:44,火之末,3,网大还要怎么样？当小品看还是不错的,0
2021-09-05 14:51:36,一只小猪🐷,5,人在灾难面前是多么的渺小可无   终会有英雄  战士来捍卫的  这也充分警告  爱护地球就等于保护自己   中国加油,1
2021-09-12 16:57:37,这里起飞,1,实为糟糕！,0
2021-09-12 17:04:41,Jonlone,2,2星给特效，剧情呵呵，团队中最强的都死的快，这是什么理论？,0
2021-09-06 09:19:08,起风了,2,题材挺新颖，但拍的很拉垮,0
2021-10-01 19:32:03,江飞泉,1,太烂了。,0
2021-09-05 23:08:02,只是怕寂寞,1,1分给题材和特效，开局就一熊孩子到处带着送人头，喊了一个半小时的爸爸喊得脑壳痛，又硬塞个胖子想强行搞笑，整体剧情尬的要死，逻辑混乱还一直强行卖弄情感。,2
2021-12-07 17:54:03,九天御风,2,什么重启地球 末日救援的 这剧情流程和流浪地球也太像了。。。,0
2021-09-04 12:13:24,王皮皮本皮,3,叶璇的配音有点…… 而且总感觉她的口型在说12345678,0
2021-09-07 19:33:54,我还在这儿呢,2,看看就行吧……,0
2021-09-14 15:10:14,寻找大象的萨懦,3,小孩子能拖垮一群人,0
2022-03-29 18:42:19,给钱写电影好评,5,大师级的调色，中国电影画质扛鼎之作!对比流浪地球，精致程度有过之而无不及，分差那么多，是不是刷子的功劳?,0
2021-09-05 18:48:46,素描,1,爸爸，爸爸，爸爸，我只记得这些了,1
2021-09-04 01:58:01,peach,1,尬尬尬尬尬尬尬尬尬尬尬尬尬尬尬尬尬尬尬尬尬尬尬尬尬尬尬尬尬尬尬尬尬尬尬尬,0
2021-09-04 10:34:11,望月星,3,还可以，跟流浪地球一个风格，个别画面特效有点儿假，整个的感觉还是可以的，怪的感觉还是蛮好看的嘴合起来像蛇，嘴张开像花～,1
2021-12-12 16:43:48,谦谦君子,3,剧情一般，但是能做出这样的特效还是非常不错的。剧情是好莱坞复刻的嘛…,0
2021-09-29 15:08:26,板砖游侠,1,炒冷饭,0
2021-10-24 23:53:41,Kaktus.,3,凑合吧,0
2021-09-05 17:32:27,左狸,2,作为一个网大，简单的故事设定不是不可以，但是也不能这么糊弄吧。抄得这么明显，那个蛇形植物太出戏了，你当怪兽网大拍呢。套路太明显了，还是要好好讲故事啊。,0
2021-09-05 19:35:46,梦想中的沙皮狗,1,剧情基本上就是复制流浪地球，整部电影的想法也是不错的，但是这个演技特效让人忍俊不禁。尴尬😳,0
2021-09-06 21:54:08,forcy_only,1,毫无诚意的圈钱烂片，各种抄袭流浪地球，卖情怀；剧情还是各种bug，真心不能认真看，烂片 真心的烂片,0
2021-09-04 06:21:48,周杰伦,2,作为国产灾难科幻电影，还是网大，至少能看得下去，演员演技生硬一般般吧，细节太少，绿色的世界色彩太昏暗，还是要多鼓励下。,0
2021-09-05 21:41:34,洋师兄,2,在那个背景下的小女孩难道还不懂拯救地球才是最重要的吗？,1
2021-09-20 15:04:55,胖桃花。,2,白瞎了这么好的题材。。。,0
2021-09-06 10:14:53,坨Tuo本人,1,感觉逻辑有问题，爸爸也是尴尬，小女孩喊爸爸更像是在催命。,1
2021-10-04 21:09:31,◉◡◉,2,能称之为科幻嘛？有点不好意思。植物龙是啥物种？尴尬到不忍直视，这种影片总逃不开最后有一个人牺牲的俗套，唉。,0
2021-09-07 14:04:15,小火鸡霸霸,1,求求你们了，歇停一段时间吧！娱乐圈大整顿，洗钱悠着点,0
2021-11-03 16:47:52,Yyang,2,真的很拉胯啊,0
2021-09-09 19:51:32,Elsa,1,抄完《我是传奇》再抄《僵尸世界大战》，发现还是不够拍，再抄个《流浪地球》，要不直接把台词也照办。,2
2021-11-12 22:30:49,18%灰,2,植物,0
2021-09-09 10:18:50,豆友189543998,1,烂片,1
2021-09-04 19:55:43,幼儿园在读,2,一直去用大人的思维去设计孩子的纯真，真的是一件不怎么纯真的事啊…,0
2022-06-21 18:58:24,Tri玄,2,......我从哪看的推荐一直以为是6.7分的电影，没想到是3.7.......不过3.7有点低了虽然是3流画面三流剧情三流演员，但是起码讲了一个完整的故事，不上院线可以瞎看看,0
2021-09-03 22:23:24,JoAnne,3,没有灵魂，三星给演成莫名其妙的正能量,1
2021-10-01 22:51:06,榴莲暗影猫,1,浪费时间,0
2021-09-04 20:14:06,李瀚舟,1,你们忘了燧人氏吗？植物不怕火吗？,1
2023-03-03 19:40:08,咬人的仔仔,3,整个故事就是模仿流浪地球的叙事过程，换了一个科幻背景…作为一个网大电影，还是算有诚意了^O^,0
2021-09-05 21:06:28,Nancy,1,模仿流浪地球的套路，照猫画虎，全是槽点的烂片…,0
2021-09-03 22:15:51,祝东风,1,末日两年后还有小女孩，就知道喊爸爸，听得难受；前因后果交代的都不清晰，垃圾片,2
2021-09-05 03:38:28,平方艮,1,看了十分钟，就把我的槽点内存填满了。还说最近对电影的包容度变高了些，难道是我的错觉？？。,1
2021-09-09 17:11:44,Greg🍔,0,看不下去,0
2021-12-12 23:13:57,Edi,3,近几年国内科幻片的特效已经有了长足的进步，剧本的设定也的确有团队奉献这样的中国式价值观的融入，只能说剧本整体的团队打副本模式还是过于流水线，和隔壁的《末日救援》真的是一个剧本模板做出来的。。电影里的一些牺牲桥段都是看到开头就能猜中flag结尾，希望能在人物刻画上着墨更细腻，表现形式更多样一些，但总体而言可以看得进去，比上海堡垒强上半个鲨卷风，值得鼓励一下。,0
2021-09-04 19:44:42,泡泡,1,有点弱智，小女孩一叫爸爸就死人，强行煽情,2
2021-09-05 08:54:15,老张,2,"有些特效画面做的挺棒的! 但绝大部分镜头怎么看着那么假呀, 一看就是室内布景拍的. 40分左右公交车里那段, 看着都不像电脑CG了, 不会是拿玩具汽车和微缩模型实景拍的吧? 恍惚的感觉在看奥特曼...表演假惺惺的, 尤其那个小女孩. 其他人还挺投入的.剧情, 这剧情... 还行吧, 这种动作冒险主题的还能要求啥呢...1小时左右, 主人公那段嘴炮看着有点尴尬...这就感动和激励所有人啦? 太单薄了呀....这情节怎么那么像换了层皮的流浪地球呀???",0
2021-09-04 16:57:33,ZeroZero楠,1,植物能长到大气层那么高？哪有那么多营养成分让它们长？特殊部队里面居然还有胖子，救命的装置只有一个人会用？植物怕紫光，这么致命的弱点居然还打不败.....小孩除了叫爸爸啥也不会，当初救妈妈真的有意义一点。,2
2021-09-07 01:27:09,PANG SHUAI,1,爸爸爸爸爸爸爸爸 有完没完,0
2021-09-08 11:22:11,SX,2,就那么回事吧 特效还有待改善 没什么剧情 单一的植物进化也没啥特别,0
2021-11-20 22:44:28,金瑞,0,啥玩意,0
2021-09-15 19:34:37,阿呆,3,给国产科幻要多些理解，场景特效比较以前已经要好上许多。,0
2021-10-17 22:22:49,秋下心,2,剧情没有意义,0
2021-09-22 14:37:53,summer,1,看了一小半，太假了，实在看不下去了,0
2021-09-04 17:14:29,ℓ,1,…这是啥？,0
2021-09-06 21:41:37,柏拉菟,1,批评你的抄袭和你的肆无忌惮的抄袭，还有不合逻辑的剧情。片头和植物变异雷同《湮灭》，剧情雷同《流浪地球》，植物怕紫外线那就白天安全的啊晚上躲起来，那为啥白天还闹灾？植物没有视力靠听觉？怪物雷同《寂静之地》,1
2021-09-20 12:51:25,䈹,2,流浪地球的粗劣模仿。,0
2021-11-21 19:36:54,YANG_杨,1,呜呜呜，太感人了，中国历史好片，世界影史的里程碑，感动的我用脚趾扣穿32层楼。😭😭😭,0
2022-01-12 22:52:53,苦海悟天涯,1,有零分没？,0
2021-09-09 23:16:53,若不经疯,2,尬死了,0
2022-05-28 18:37:07,无量,3,D462,0
2021-09-03 20:12:13,y君,1,这玩意也叫电影？,0
2021-09-08 01:04:09,骑单车的猫,3,作为一部网络电影，它是及格的,0
2021-09-15 18:50:07,王者荣耀,1,傻逼男主，傻逼的女儿，看的人一肚子气，就这那个APP上还8.7分，骗老子下载看，脸呢，豆瓣上这回的评分到挺合适的,3
2021-12-27 21:09:56,Se7en答案,1,太尴尬了,0
2021-09-08 00:06:28,无言之叶,1,呵呵,0
2021-09-07 21:54:49,这里有问题,1,什么玩意啊？,0
2021-09-04 17:31:14,黄峰清照,3,何必这么较真呢，这本来就是给孩子看的。,0
2021-09-07 19:18:14,伯恺,2,对不起，之前想到的骚话实在太多了，真的不知道说哪个好,0
2021-09-03 17:35:53,Allen,2,一般。有点流浪地球,2
2021-09-04 01:12:20,梓雾一一,2,蠢，演技尴尬到抠脚，他女儿是添麻烦的的吧,0
2021-09-07 16:04:46,CC,3,虽然剧情很雷同，但还是看哭了。,0
2021-09-03 22:26:17,彼处水如酒,1,看着小女孩我头疼…,0
2021-09-20 23:40:41,baobing007,1,傻x剧情。。。不能稍微用心点吗2021.9.19,0
2021-09-13 07:25:21,Takeshiws,1,挺烂的,0
2021-09-03 23:20:04,tree new bee,2,不是,0
2021-09-06 16:09:13,sl,1,去其精华取其糟粕版的流浪地球，不需要这样东西，弱智又没逻辑的剧情,3
2021-09-12 01:22:44,忱,1,别看,0
2021-09-03 20:58:41,演屹,2,家园版流浪地球,0
2021-10-02 00:25:43,狮子与鱼,1,生搬流浪地球的剧情线，硬套上海堡垒的煽情戏码，还有神特么的绿滕龙，又是一部众筹洗钱的脑残剧,1
2021-09-06 09:52:29,落月惊云,2,虽然是流浪地球的翻版，突出在灾难面前人类之间的亲情和友情，但在表现方面感觉有点刻板，应该是人物交流的不顺畅造成的，考虑是部网大，就2颗星吧！可以看，但重复看就没必要了！,0
2021-09-04 21:52:32,星迹环游,4,国产网大真的变了，这也说明导演和编剧的审美是越来越有变化了，重启地球构景也很美,2
2021-09-08 21:22:50,米维,1,全程就听到孩子的鬼叫，心烦意乱。,0
2021-09-04 13:48:02,Cheng_F,1,开头的熊孩子 看得血压飙升,1
2022-02-20 00:03:46,HCM,1,这都啥呀？浪费时间,1
2021-08-26 21:25:33,质量思拓者,2,鼓励一下给特效俩星 比一般的网大水准高 但也没啥看点,1
2021-09-09 18:29:23,db,1,流浪地球套壳，但是没那么好,0
2021-09-11 21:23:03,乔帮主819,2,纯粹就是山寨版《流浪地球》。这个导演林珍钊该拖出去打30大板，编剧该打100大板。简直侮辱人智商。简直是侮辱科幻电影。,0
2021-09-12 15:12:06,不吃草的狼,5,国产科幻片加油,0
2022-11-29 01:49:21,MavT,1,啊辣,0
2022-01-20 13:11:13,饿哇阿伟啊,4,虽然剧情好多不合理，但是看到全世界人民齐心合力还是有些感动。画面看起来比较正，支持国产科幻片。,0
2022-05-19 23:20:54,血色凤凰,1,这抄袭的剧情，浮夸的表演，脑残的设定，没文化的逻辑，构成了这样一部0分的电影，这个导演可以从今以后拉黑了~~~,1
2021-09-05 21:56:53,一怡,2,我觉得题材还是挺好，但是为什么可以拍得这么烂，两颗星给辛苦的演员,0
2021-09-23 22:07:01,拉尔,1,槽点多到不知从何吐起…bug多到抓狂…看了烂片心情很差,0
2021-09-03 23:09:24,什是什锦的什,1,烂呀，男主出来的第一个镜头表情就用力过猛，设定是我喜欢的题材，剧本和演员让我撑不过十分钟。,1
2021-09-04 11:04:05,八块背阔肌,1,下次能不能找个正常的编剧，抄都不会，编剧这是卖屁股给资方了？,3
2021-09-09 22:46:09,採姑娘的小蘑菇,2,這兩分一分給特效一分給主題曲,0
2021-09-03 21:02:05,cash2005,1,先一星回头再改,1
2021-12-25 22:35:51,娱乐圈小八卦,4,我给四星。中国科幻灾难来说还算可以的。只是没有明星大腕撑场面，也值得鼓励的。场面来说没有特别多惊险特效，感情方面加入的比较多，看到最后何晟铭死了忍不住还哭了。除了特效上并不是特别精彩特别，不过个人也不喜欢看全程特效的。最后重启地球的还是中国！！加油！！,0
2021-09-04 11:16:52,_凉愿_,2,看着像改版的流浪地球，自我牺牲式救援就很无语。立意于恶化的环境危机，在网络电影中特效过得去。整个故事就是一个警告，任何无视自然规律的行为，都是一种傲慢，我们也终将为这种傲慢付出惨痛的代价。,0
2022-03-27 18:09:03,魔浪,1,我一直有个疑问，到底是拍电影的人智商低，还是拍电影的人觉得看电影的人智商低。怎么会有这么多低智商的烂片。,0
2021-09-21 15:18:18,一泽・Soul,3,大陆演员的演技就这么浮夸么，能不能跟韩国学着点,0
2022-10-21 22:03:26,茶包,2,2022.10.21,0
2021-09-19 22:18:29,底片和唱片,1,什么傻逼电影,0
2021-09-09 02:53:03,🔥,2,好尬，，前面一直听着头疼的爸爸，，后面剧情也太照搬了，特效，，好吧，这个也不用说了,0
2021-09-09 23:17:48,哆啦大胖,3,作为一部网络电影，勇于挑战最需要资金和技术的科幻题材，这本身还是值得鼓励的。所以，坦白说，这部电影基本上合格了。整体设定基本合理，人物剧情没有明显硬伤，场面算不上壮观但也算尽其所能了，结尾虽然有点勉强和生硬，但总体来说，是算得上一部合格的电影的。,0
2021-09-05 11:17:51,甲乙丙丁,1,改名叫爸爸在哪比较好,0
2021-09-05 17:10:31,飞来飞去的星星,2,科幻背景的设定很精彩，特效也还不错,0
2021-09-06 09:12:15,天才欣,1,想不明白为啥要浪费将近一个小时看这么搞笑的片子，是真滴搞笑,0
2021-09-05 14:49:22,念,1,想不通我为什么会看这个电影 科幻灾难片里面永远有个孩子不死 想表达爱与希望吗 看着难受,1
2021-09-04 23:11:53,高冷先生,1,没有最差只有更差系列，只能说猪脚光环太强了,1
2021-09-04 12:54:36,光合作用先生,1,过于煽情，感情戏是败笔,0
2021-09-08 18:05:39,vert,4,电影的立意是不错的，再弱小的生命，也有活下去的希望。所以，面对再大困难，再多险阻，只要心中有希望，就一定能坚持下去，迎来彩虹,0
2021-09-04 01:48:07,端阳,1,拍这种垃圾电影侮辱谁呢？还抄袭流浪地球。,1
2021-09-04 20:23:34,真皮💢,1,一星都给多了,1
2021-09-04 10:34:54,贞岚_卓丞,1,粗制滥造的垃圾片，全程逻辑硬伤，连真实主演的名字都不敢写，捡两个捞钱客串明星写在主演上,0
2022-12-15 22:31:14,唐幽闻,2,怎么说哪，煽情真就是硬煽啊！！,0
2021-09-05 20:35:13,快乐的肉夹馍,2,也不知道是真傻还是假傻,0
2021-09-19 22:41:25,唔,1,什么玩意,0
2021-09-08 15:47:21,粉色猫头鹰,1,想说的都在弹幕里了,0
2021-09-05 10:45:48,Kevin Wang,2,役前第二部复刻版流浪地球,0
2021-09-04 14:39:32,时过境迁,3,和流浪地球有相似的地方，有些情节不合理,0
2021-09-10 23:53:53,AdolGu,3,影2021.045 鼓励一下中国科幻，背景交代太薄、科学设计太软、逻辑关系太跳跃，但是这个思路还行，我倒觉得尬抄可以多些,0
2021-09-11 20:30:04,殷雪雪,1,🌚,0
2021-09-06 20:07:16,奥拓哩朗姆古兰,1,开学前选择观看的最后一部电影 随便乱说几句：烂在情理之中的电影 本来就讨厌流浪地球的叙述模式 这部还对其又进行拙劣仿效 全篇只能凭借懒散的框架赘肉勉强支撑 中国影视界的问题在于专业门槛太低 从导演到演员到后期制作组成的合作集体内部无法统一 每个人都因有各自的庞杂事项使得拍摄电影所需的主调无法拧在一股绳子上 （你甚至可以想象他们每日的工作状态）影视界需要一个相对独立的环境 需要每一个从业者独立钻研的空间时间 要求每一个人肯付出 要足够热爱自己的领域 不是在学院空学几年没头尾的东西凭着一腔热血或者干脆迎合大众愚见摆烂 在提高大众审美方面文艺界都有责任 而当然这在中国社会可以说是天方夜谭 至于出路那也只能在茫茫黑夜中寻找,0
2021-09-03 18:23:05,swin,2,剧情很老套，但特效还不错，小女孩在片中是工具人吧~,1
2021-10-08 16:09:34,被解救的萧哥,1,混乱，刻意，尴尬，狗血，粗劣。并且直接照抄流浪地球。这还是网大的顶级项目和导演，就这个素质，这个行业的前景堪忧。很少打1星，真是3倍速都看不下去。,0
2021-09-16 10:29:59,麦子,0,感觉咱拍电影有点世界我最强的感觉,0
2021-09-05 16:12:49,苏子沐,1,烂的不可言说,1
2022-02-13 13:08:23,可达猫,2,我浪费了我的生命…为什么要花时间看这个,0
2021-09-13 20:02:41,-Hic Et Nunc,1,这是什么垃圾电影哈?什么玩意儿?就这叫科幻片? 科幻俩字占哪个了????有一个情节画面不是抄别人的吗?到处抄一抄就能叫电影啦?那还拍个屁的电影，Ai换脸剪一剪不就得了吗?浪费人时间，消耗大家的爱国情怀！什么玩意儿！中国的科学家工程师研究员军人们就这样?你看不起谁呢?不仅不懂电影还不懂人性！中国人从古至今不都是含蓄的嘛?啥时候这么直白了?就你想表达的东西你得拍出来呀！你动不动找个演员直接说出来了！?那你要演员干啥?找个旁白讲一讲不得了，说起旁白 你把这剧本给一说书的，估计人家说的都比你这电影表达得好。那演员那都啥造型啊?啊?妆造能不能清醒一点！搞什么呢?有时间扎脏辫没时间洗把脸?无语子。还有！前半部片子小女孩的爸爸真是吵死我了！一个绿潮爆发的灾难片我不知道为啥那么吵！,7
2021-09-13 22:30:36,Tristan,1,搞笑片,1
2023-01-02 19:01:02,17530066984,1,什么乱七八糟的,0
2021-09-05 19:51:05,情深义重,5,虽然有很多瑕疵，不过对中国科幻片是个进步，至少诚意满满，很多场景布置也不错,1
2022-07-12 18:30:45,嗒嗒嗒fox,2,流浪地球看到了要停止流浪的程度，植物魔化这个设定是可以接受的，但整个剧情是真的搞不懂，强行煽情，强行感动所有人，复刻流浪地球在我这儿的所有缺点，绝绝子。也就比一星片强那么一点点点。,1
2021-09-04 11:42:30,墨白。,2,拍科幻的导演知识不足就不要拍科幻了。。。演技啥的我不说了。,0
2021-09-05 17:54:55,成和花,5,总的来说还不错，五星鼓励一下，希望未来我们看的都是高质量中国大片！,1
2021-10-03 11:15:37,pandecheng,4,无聊看看，四星给特效,0
2021-09-05 19:24:07,幼龄,2,本想给三分的，小姑娘给喊跑了一分,0
2021-09-20 21:41:01,MADE,1,我是在看流浪地球？抄作业也别抄一模一样啊,0
2021-10-21 21:50:59,pomme,2,植物怕光？？编剧没常识吧，而且进化到极致的植物是蛇形？还有几个演员演的也尴尬，耍酷的装逼的故作胆小的，什么玩意,0
2021-09-08 21:43:36,青衣落子太安城,1,咋能这么差呢,0
2021-09-09 00:15:43,微凉的夏日ゝ,1,浪费生命一小时,0
2021-09-27 21:03:11,天啊,4,挺有新意的。场面特效也可以。其它就不说了。支持国产科幻吧。,0
2021-09-11 18:24:11,鹽味,1,不喜欢剧情,0
2022-11-02 21:27:43,小刘要努力,2,这我是真的看不出来是部科幻片，名字还挺吸引人的，内容真的一塌糊涂,0
2021-09-04 16:19:05,好好吃饭,1,不要看 浪费时间。看完满脑子盘旋小女孩叫爸爸的声音，让人血压直线飙升,0
2021-09-04 14:24:14,睡莲,2,设定太无语了，从台词到故事情节发展都好无语啊啊啊啊啊！有些强硬的转折让我尴尬的鸡皮疙瘩都掉一地…套路也是全都有既视感，立了flag必死，生气一定会摔东西…最想吐槽的是，人类怎么会被怕太阳光和紫外线的植物逼的寸步难行…为什么救援要用枪，带紫外线手电筒不行吗？？2星给特效吧,0
2022-04-11 09:42:49,风叶一地,3,特效可以看下去，但剧情借鉴的比较多，就记得小女孩的惊慌叫声了,0
2023-01-05 17:17:56,summer,1,就……好烂啊……,0
2021-09-05 21:48:37,陛下,3,概念不错，完成度也挺高，但太多流浪地球的影子，优缺点都很像。网大已经突破了软热情擦边球和怪力乱神的局限，向着更多的类型片去深化，三星鼓励。,1
2021-10-17 00:58:59,bq,2,流浪地球的低低低配版，毫无看点，各种bug尬演,0
2021-11-04 18:51:27,WilliamYYY,1,我做错了什么,0
2021-09-13 11:33:14,得拉,1,欣赏不来 上海堡垒2？,0
2021-09-05 09:42:26,山豆岂来,3,感情戏太尬了，太拖沓了，就这智商是咋拯救地球的，但特效还OK，3星鼓励吧,0
2021-09-04 16:16:38,天下胖兔,1,好扯啊,0
2021-09-05 10:59:50,luffy,3,比上海大炮强多了，，及格分支持一下,0
2021-09-12 00:50:48,45°,2,败就败在剧情设定和演员表现。几个人无处可逃的时候钻到一个公交车上就躲过了一劫而且几乎全员无伤，看来是“钢铁公交”啊；逃难路上的每次转折都是女儿刻意表现才会出现的冲突和高潮，比如爸爸告诉她离开桌子，不去找爸爸偏偏正对着植物怪…本来很聪明的孩子这么编靠谱吗？创意挺好，编的是个啥,0
2022-07-25 12:08:19,潞潞,2,啊哈哈哈哈哈哈，科学家没想到的事情被男主想到了。主题是不错的，保护环境，但是小女孩也太像工具人了，煽情专属，几乎全程拖后腿，只能说，该人物的出场增加了剧情的不确定性。主角光环太重，画面还不错，不去细想逻辑，情节还挺爽。,0
2021-10-17 23:54:29,Jun℡,1,末世片就末世片，硬要搞出来小女孩这种多余角色！还有好多次明明危险来了，一帮人站那里看半天没有一个跑的，硬要拖好久。这样的末日能生存才怪了。多学学欧美吧，末日怪物片不要那么多多余的情节。其实这个设定挺好的，特效也不错，就是剧情和演员垃圾，感觉是小女孩的金主投拍的吧。,0
2021-09-03 21:12:33,刺猬的菠萝,2,流浪地球真是神作，开启的“套路”已经开始启发人了,0
2021-09-03 19:58:29,聊,2,不是科幻，是玄幻。有这个资金，实实在在拍科幻片不好吗？另外这个世界灾难片已经够多了，干嘛老幻想着地球毁灭，又臆想拯救地球。,1
2021-09-04 01:54:13,槐树向北,1,我看了个什么东西……？？！实在太烂了,0
2021-09-20 17:40:21,沈清,2,有一点还是很正确的，植物为了适应环境进化的能力远超于人，其他的就在抄《流浪地球》的作业了。太浪费概念了。,1
2021-09-04 02:16:07,三栖人,3,社会各方面给予支持坚持继续拍，中国科幻片还是大有希望的,1
2021-09-11 02:29:50,失白鹰,1,抄袭就过分了,0
2021-09-16 23:32:17,H-A-N,2,人物很生硬，那个小女孩像中邪了,0
2021-09-08 20:04:06,棺材里的笑声,1,为了吐槽烂，我TM还把忘记的豆瓣密码找回来了。。。。。。,0
2021-09-03 21:28:52,啊楠楠。,3,还是值得鼓励的，流浪地球得启发，看得出来片子的特效还是有诚意的，但是呢经费明显不足，导演也尽力了，故事不够吸引人是个缺点，人物刻画不够深入，继续加油。。。用网大的标准来说真的可以了，咱们国产科幻片也值得期待了！冲！,4
2022-07-14 22:39:51,天外飞蟹,3,故事情节比较单薄，俗套，基本每一步谁死谁活提前都能猜到。特效还可以，但是槽点太多了：植物没视觉却有听觉，公交车质量太好，绳子质量太差，一群人一起上桥就是把鸡蛋放一个篮子，这么多植物怪兽也没想用个喷火器，孩他爸就是霹雳贝贝成人版他在哪个地方都有电，投放站是怎么建造的是个谜，岩浆的温度度跟喷火器差不多人类就是个弱鸡，女主角脸太嫩不太像领导，另一女角理了半个斑马头，老鬼理个郭德纲桃心头真能造。煽情过分了，小女孩时时刻刻喊爸爸，但是最后我不满六岁的小女儿看得眼睛湿润了，作为亲子电影还是可以给个及格分。,0
2021-09-03 21:08:18,我,2,实在有点不行，大框架还模仿流浪地球，唯一一点新鲜就是植物有意识。演得好辛苦，哈哈哈，但不咋滴,0
2021-09-04 21:43:57,尼可（精神正常,5,真心觉得不错，小成本可以有这样的效果，这还多亏了导演和编剧费心了,1
2021-09-12 21:56:03,月亮,2,死一个，又死一个，前三个都是为了救小女孩，但是她并没啥作用，顶多就是给她爸说，我要去拯救地球了，然后把她爸带过去了，灵魂黑夜，大家都要放弃了，然后一顿演讲，又行了,0
2021-09-05 22:09:59,嘉朔,1,又一部很不需要编剧的网大，所有的这些片子中为什么都需要一个胆小逗比的胖子，冷静睿智的技术宅呢,0
2021-09-03 22:07:07,梦飞翔之小渔?,1,挺好的想法。但是整个片都是爸爸爸爸爸爸，烦死了,0
2022-04-15 20:07:54,Olive,1,人物设置太伟光正了，动不动就要为别人牺牲，让这么小的孩子说自己要拯救世界，在这种末日环境之下，人性没有显现出来，太飘了。,0
2021-12-11 20:11:41,无缘也是缘,1,不行。台词和剧情逻辑，和流浪地球重合度太高了，有点无趣。没有创新的科幻片 一无是处。,1
2021-09-17 23:56:17,枕枕,1,1分,0
2021-09-03 20:46:50,桤_小木,2,毕竟是大陆科幻 三观起码是正的,0
2021-09-05 23:01:10,kerrysong,2,又是小人物拯救大地球的套路，不过剧情没有很深的印象点，特效也就一般般吧，总之不是很值得看,0
2021-09-04 18:53:41,海中看星星,5,很不错啊，为什么给低分，起码值到3.5星，给个5星拉一下。总体大纲是可以的，细节有提升空间，例如植物为什么有听觉还会发声，煽情的把控力稍差，还有第一个画面小女孩面对末日哭喊的的场景，就别去模仿了，整个视觉效果和女孩的表现力真比不上人家震撼,1
2021-09-06 23:13:19,leo,1,片尾曲还行，给一个星，其他就是尬戏了，电影片段里一群人看着大楼要倒，站着等什么，哎太多了。,2
2021-09-09 18:12:55,镜子别哭,1,就听你叫爸爸,2
2021-09-17 12:23:10,蛋一枝,1,因为想过植物占领地球的点子所以边工作边随随便便看一下，本来没抱希望的，没想到比想象的还要烂还要搞笑hhhhh，特效怎么差成这样呀....sos,1
2021-10-30 16:48:17,大城市的Lisa,1,我看的是流浪地球？,0
2021-09-05 21:41:18,哈呼呼,2,一直听到有人喊快走，快走…剧情全靠快走撑着,0
2022-02-01 23:23:52,竹杖芒鞋轻胜马,1,就，感觉浪费了自己一个半小时的宝贵时间,0
2021-09-04 11:07:14,[已注销],2,跟上海堡垒并称中国科幻电影的卧龙凤雏,1
2021-09-04 22:50:22,Dvi_,1,啥玩意,1
2021-09-07 22:01:48,沐炑吙钬伙,2,特效还行，演的有点假，剧情太老套了,0
2021-09-04 20:53:15,dandelion,2,过于尴尬了😓,0
2021-09-04 08:17:09,๑,3,比某堡垒强，有流浪地球的影子，场景我还以为是假面骑士铠武。整体一般，漏洞太多。,0
2021-09-10 21:50:16,福贵的牛,1,卧槽，我居然看完这个,1
2021-09-04 23:11:08,半夏,1,不是一般的难看！差评！,2
2023-02-03 13:31:17,Shmily,2,我也不知道这个片儿为啥在我列表里…,0
2021-09-03 23:34:00,以后再说,1,题材不错，特效不错，毁就毁在编剧和细节上。剧情bug过多；强行煽情，强行拔高高度没有一点转折；在灾难环境生活了3年的小孩子还能咋咋呼呼，躲植物的时候不和大人一起非要向着植物方向撤退；有水洗被子没水洗脸......能不能在这些肉眼可见的细节上上上心？,2
2021-09-04 16:26:45,stephen小杰,3,5毛特效,0
2021-09-04 20:51:47,Cki    小骄傲,1,洛杉矶之战即视感,0
2022-07-12 22:40:14,动脉刘,1,爸爸！爸爸！爸爸！爸爸！爸爸！,0
2021-09-04 02:25:19,三千痴缠听弦断,1,救命。。。看完赶紧再看一遍流浪地球。抄都不会抄,2
2021-10-08 22:56:39,豆友169446935,2,比流浪地球差远了,1
2021-09-08 18:29:27,ღ༄慕࿆ྂのོ࿆༘言ོ࿆,0,题材不错，特效还能看，演技将就。怪物出场仿用（僵尸世界大战）的，后期故事全套用（流浪地球）的，感觉又看了一遍流浪地球。那个女孩只会喊爸爸，只要一喊爸爸就会有人死；要拯救地球的是你，不要拯救地球的也是你。,0
2021-09-12 15:57:09,if,1,小女孩赶快去死吧，吵得老子脑袋都要爆炸了,1
2021-09-20 20:34:36,踏心骑士,1,我很难形容，看了半个小时。二十分钟的在喊爸爸，强行煽情反而很难受。,2
2021-09-04 13:03:11,毅缕天亮,2,一次对流浪地球的拙劣模仿，甚至抄袭。真就抄都不会抄。,0
2021-09-04 11:53:05,Yeahnen,1,想请教导演是如何做到每一帧都槽点满满的。剧情演技配音特效都尬得要死。还有能不能别再塑造这种小孩形象了，孩子只是年龄小，又不是智障！,0
2021-09-04 23:52:08,独步逍遥,1,没有金刚钻，不揽瓷器活,1
2021-09-03 21:35:35,理想的萌,1,看了半个小时觉得可以给三星，小女孩那一句我要去拯救世界，我直接给尴尬抽抽了，现在只有一星,0
2021-09-07 13:14:33,张扬先生。,1,这种沙雕剧情，侮辱人的智商，强行尬了一波，尤其是男主一通演讲，真的鸡皮疙瘩掉一地，真的很烂。,0
2021-09-05 01:40:09,今天123,3,整体故事情节还是比较完整的也很紧凑，就是情节走向和流浪地球重合度太大，而且男主角色设定薄弱，人物塑造感觉还不如那个队长体现的更饱满……但是中国科幻能够迈出这一步也是值得鼓励的。男主牺牲这个，我感觉是在弥补他老婆犯的错吧，但是想拍没拍出来这个点。,1
2021-09-10 22:19:27,一π胡言,2,没啥代入感,0
2021-11-12 19:27:08,一枝半截,2,特效还行，但是这剧情太空了！剧中还道德绑架，因为有人为你女儿牺牲了，你就要加入队伍中来效力？,0
2021-09-07 00:12:28,Phosphor,1,又看了个烂片。,1
2021-09-04 14:38:17,巴山夜雨,1,比上海堡垒强点，但我只想给一星。,1
2021-09-03 21:07:22,美丽人生景,3,特效做的算是还行滴了，继续努力。剧情上还是符合国产…片的特性。亲情的无私那种感动还是到位了。,2
2021-09-08 16:03:03,🌈 ときどき 🍦,2,看了个寂寞，故事也太弱了吧。,0
2021-09-04 20:55:03,华表,1,在党的领导下，怎么可能会有末日呢，这个逻辑是违反政策的。,1
2021-10-05 21:18:22,リヴァイ,1,没有什么可说的抄袭流浪地球的劣质电影,0
2021-12-15 20:28:24,风吟客,4,给低了，起码也是中规中矩,0
2021-09-12 15:10:23,香煎小土豆,3,人物不够丰满，剧本还可以完善。,0
2021-12-12 00:24:27,雾了八索,1,流浪地球低低低配置版 抄的也太明目张胆了,0
2021-09-08 21:00:48,男女重要吗？,1,不配评分,0
2021-09-09 19:46:46,Jackson Lee,1,画风、色调、场景、文字语言等等风格都抄袭流浪地球，唯独剧情剧情、电影背景等没有抄袭，因为太烂了,1
2021-09-11 22:04:35,乌拉拉,2,这两天我是掉进了烂片坑吧,0
2021-09-09 00:56:10,我也喜欢了_910,1,浪费流量,0
2021-09-04 23:06:58,李达,2,逻辑上问题百出，请认真对待自己的作品。,0
2021-09-07 23:25:34,米高克凡,3,演得还挺努力的，小女孩的戏份垮得最厉害……却只身一人上了海报,0
